module,book section,category folder,required asset class,required data feeds,status,implementation dependency,may-enter-daily-score
cash/liquidity_management.py,17.3,cash,cash / secured lending,cash balances; funding and collateral terms; legal/credit constraints,not-applicable for NSE cash equities on daily OHLCV,Requires non-OHLCV instrument/feed and execution support listed in required data feeds; no exact NSE cash-equity daily-OHLCV implementation.,no
cash/loan_sharking.py,17.6,cash,cash / secured lending,cash balances; funding and collateral terms; legal/credit constraints,not-applicable for NSE cash equities on daily OHLCV,Requires non-OHLCV instrument/feed and execution support listed in required data feeds; no exact NSE cash-equity daily-OHLCV implementation.,no
cash/money_laundering_the_dark_side_of_cash.py,17.2,cash,cash / secured lending,cash balances; funding and collateral terms; legal/credit constraints,not-applicable for NSE cash equities on daily OHLCV,Requires non-OHLCV instrument/feed and execution support listed in required data feeds; no exact NSE cash-equity daily-OHLCV implementation.,no
cash/pawnbroking.py,17.5,cash,cash / secured lending,cash balances; funding and collateral terms; legal/credit constraints,not-applicable for NSE cash equities on daily OHLCV,Requires non-OHLCV instrument/feed and execution support listed in required data feeds; no exact NSE cash-equity daily-OHLCV implementation.,no
cash/repurchase_agreement_repo.py,17.4,cash,cash / secured lending,cash balances; funding and collateral terms; legal/credit constraints,not-applicable for NSE cash equities on daily OHLCV,Requires non-OHLCV instrument/feed and execution support listed in required data feeds; no exact NSE cash-equity daily-OHLCV implementation.,no
commodities/portfolio_diversification_with_commodities.py,9.3,commodities,commodities and commodity derivatives,commodity spot and futures curves; inventories/positioning; contract metadata,proxy-only,"Map exposure to a liquid NSE commodity ETF (for example gold/silver), then add adjusted-OHLCV, benchmark and liquidity handling; this does not reproduce futures/inventory mechanics.",no
commodities/roll_yields.py,9.1,commodities,commodities and commodity derivatives,commodity spot and futures curves; inventories/positioning; contract metadata,not-applicable for NSE cash equities on daily OHLCV,Requires non-OHLCV instrument/feed and execution support listed in required data feeds; no exact NSE cash-equity daily-OHLCV implementation.,no
commodities/skewness_premium.py,9.5,commodities,commodities and commodity derivatives,commodity spot and futures curves; inventories/positioning; contract metadata,not-applicable for NSE cash equities on daily OHLCV,Requires non-OHLCV instrument/feed and execution support listed in required data feeds; no exact NSE cash-equity daily-OHLCV implementation.,no
commodities/trading_based_on_hedging_pressure.py,9.2,commodities,commodities and commodity derivatives,commodity spot and futures curves; inventories/positioning; contract metadata,not-applicable for NSE cash equities on daily OHLCV,Requires non-OHLCV instrument/feed and execution support listed in required data feeds; no exact NSE cash-equity daily-OHLCV implementation.,no
commodities/trading_with_pricing_models.py,9.6,commodities,commodities and commodity derivatives,commodity spot and futures curves; inventories/positioning; contract metadata,not-applicable for NSE cash equities on daily OHLCV,Requires non-OHLCV instrument/feed and execution support listed in required data feeds; no exact NSE cash-equity daily-OHLCV implementation.,no
commodities/value.py,9.4,commodities,commodities and commodity derivatives,commodity spot and futures curves; inventories/positioning; contract metadata,proxy-only,"Map exposure to a liquid NSE commodity ETF (for example gold/silver), then add adjusted-OHLCV, benchmark and liquidity handling; this does not reproduce futures/inventory mechanics.",no
convertibles/convertible_arbitrage.py,12.1,convertibles,convertible securities and equity/options hedges,convertible terms and prices; issuer equity; options/credit/rates; borrow,not-applicable for NSE cash equities on daily OHLCV,Requires non-OHLCV instrument/feed and execution support listed in required data feeds; no exact NSE cash-equity daily-OHLCV implementation.,no
convertibles/convertible_option_adjusted_spread.py,12.2,convertibles,convertible securities and equity/options hedges,convertible terms and prices; issuer equity; options/credit/rates; borrow,not-applicable for NSE cash equities on daily OHLCV,Requires non-OHLCV instrument/feed and execution support listed in required data feeds; no exact NSE cash-equity daily-OHLCV implementation.,no
cryptocurrencies/artificial_neural_network_ann.py,18.2,cryptocurrencies,cryptocurrencies,crypto OHLCV/order flow or text/news sentiment corpus,not-applicable for NSE cash equities on daily OHLCV,Requires non-OHLCV instrument/feed and execution support listed in required data feeds; no exact NSE cash-equity daily-OHLCV implementation.,no
cryptocurrencies/sentiment_analysis_nave_bayes_bernoulli.py,18.3,cryptocurrencies,cryptocurrencies,crypto OHLCV/order flow or text/news sentiment corpus,not-applicable for NSE cash equities on daily OHLCV,Requires non-OHLCV instrument/feed and execution support listed in required data feeds; no exact NSE cash-equity daily-OHLCV implementation.,no
distressed_assets/active_distressed_investing.py,15.2,distressed_assets,distressed debt / special situations,debt prices and capital structure; filings; restructuring/legal and recovery data,not-applicable for NSE cash equities on daily OHLCV,Requires non-OHLCV instrument/feed and execution support listed in required data feeds; no exact NSE cash-equity daily-OHLCV implementation.,no
distressed_assets/buying_and_holding_distressed_debt.py,15.1,distressed_assets,distressed debt / special situations,debt prices and capital structure; filings; restructuring/legal and recovery data,not-applicable for NSE cash equities on daily OHLCV,Requires non-OHLCV instrument/feed and execution support listed in required data feeds; no exact NSE cash-equity daily-OHLCV implementation.,no
distressed_assets/buying_outstanding_debt.py,15.2.2,distressed_assets,distressed debt / special situations,debt prices and capital structure; filings; restructuring/legal and recovery data,not-applicable for NSE cash equities on daily OHLCV,Requires non-OHLCV instrument/feed and execution support listed in required data feeds; no exact NSE cash-equity daily-OHLCV implementation.,no
distressed_assets/distress_risk_puzzle.py,15.3,distressed_assets,distressed debt / special situations,debt prices and capital structure; filings; restructuring/legal and recovery data,not-applicable for NSE cash equities on daily OHLCV,Requires non-OHLCV instrument/feed and execution support listed in required data feeds; no exact NSE cash-equity daily-OHLCV implementation.,no
distressed_assets/distress_risk_puzzle_risk_management.py,15.3.1,distressed_assets,distressed debt / special situations,debt prices and capital structure; filings; restructuring/legal and recovery data,not-applicable for NSE cash equities on daily OHLCV,Requires non-OHLCV instrument/feed and execution support listed in required data feeds; no exact NSE cash-equity daily-OHLCV implementation.,no
distressed_assets/loan_to_own.py,15.2.3,distressed_assets,distressed debt / special situations,debt prices and capital structure; filings; restructuring/legal and recovery data,not-applicable for NSE cash equities on daily OHLCV,Requires non-OHLCV instrument/feed and execution support listed in required data feeds; no exact NSE cash-equity daily-OHLCV implementation.,no
distressed_assets/planning_a_reorganization.py,15.2.1,distressed_assets,distressed debt / special situations,debt prices and capital structure; filings; restructuring/legal and recovery data,not-applicable for NSE cash equities on daily OHLCV,Requires non-OHLCV instrument/feed and execution support listed in required data feeds; no exact NSE cash-equity daily-OHLCV implementation.,no
etfs/alpha_rotation.py,4.2,etfs,exchange-traded funds,ETF adjusted OHLCV/total returns; benchmark/cash series; holdings/exposures where required,proxy-only,"Add an NSE ETF universe/adjusted-OHLCV adapter, total-return handling and liquidity filters; map the book exposure to liquid NSE ETFs.",no
etfs/dual_momentum_sector_rotation.py,4.1.2,etfs,exchange-traded funds,ETF adjusted OHLCV/total returns; benchmark/cash series; holdings/exposures where required,proxy-only,"Add an NSE ETF universe/adjusted-OHLCV adapter, total-return handling and liquidity filters; map the book exposure to liquid NSE ETFs.",no
etfs/leveraged_etfs_letfs.py,4.5,etfs,exchange-traded funds,ETF adjusted OHLCV/total returns; benchmark/cash series; holdings/exposures where required,proxy-only,"Add an NSE ETF universe/adjusted-OHLCV adapter, total-return handling and liquidity filters; map the book exposure to liquid NSE ETFs.",no
etfs/mean_reversion.py,4.4,etfs,exchange-traded funds,ETF adjusted OHLCV/total returns; benchmark/cash series; holdings/exposures where required,proxy-only,"Add an NSE ETF universe/adjusted-OHLCV adapter, total-return handling and liquidity filters; map the book exposure to liquid NSE ETFs.",no
etfs/multi_asset_trend_following.py,4.6,etfs,exchange-traded funds,ETF adjusted OHLCV/total returns; benchmark/cash series; holdings/exposures where required,proxy-only,"Add an NSE ETF universe/adjusted-OHLCV adapter, total-return handling and liquidity filters; map the book exposure to liquid NSE ETFs.",no
etfs/r_squared.py,4.3,etfs,exchange-traded funds,ETF adjusted OHLCV/total returns; benchmark/cash series; holdings/exposures where required,proxy-only,"Add an NSE ETF universe/adjusted-OHLCV adapter, total-return handling and liquidity filters; map the book exposure to liquid NSE ETFs.",no
etfs/sector_momentum_rotation.py,4.1,etfs,exchange-traded funds,ETF adjusted OHLCV/total returns; benchmark/cash series; holdings/exposures where required,proxy-only,"Add an NSE ETF universe/adjusted-OHLCV adapter, total-return handling and liquidity filters; map the book exposure to liquid NSE ETFs.",no
etfs/sector_momentum_rotation_with_ma_filter.py,4.1.1,etfs,exchange-traded funds,ETF adjusted OHLCV/total returns; benchmark/cash series; holdings/exposures where required,proxy-only,"Add an NSE ETF universe/adjusted-OHLCV adapter, total-return handling and liquidity filters; map the book exposure to liquid NSE ETFs.",no
fixed_income/barbells.py,5.3,fixed_income,"bonds, rates and credit derivatives",bond prices/yields; curves and duration; funding; CDS/swaps where required,proxy-only,"Map maturity/credit sleeves to liquid NSE debt ETFs; add adjusted-OHLCV, duration/benchmark metadata, liquidity filters and portfolio construction.",no
fixed_income/bond_immunization.py,5.5,fixed_income,"bonds, rates and credit derivatives",bond prices/yields; curves and duration; funding; CDS/swaps where required,proxy-only,"Map maturity/credit sleeves to liquid NSE debt ETFs; add adjusted-OHLCV, duration/benchmark metadata, liquidity filters and portfolio construction.",no
fixed_income/bullets.py,5.2,fixed_income,"bonds, rates and credit derivatives",bond prices/yields; curves and duration; funding; CDS/swaps where required,proxy-only,"Map maturity/credit sleeves to liquid NSE debt ETFs; add adjusted-OHLCV, duration/benchmark metadata, liquidity filters and portfolio construction.",no
fixed_income/carry_factor.py,5.11,fixed_income,"bonds, rates and credit derivatives",bond prices/yields; curves and duration; funding; CDS/swaps where required,proxy-only,"Map maturity/credit sleeves to liquid NSE debt ETFs; add adjusted-OHLCV, duration/benchmark metadata, liquidity filters and portfolio construction.",no
fixed_income/cds_basis_arbitrage.py,5.14,fixed_income,"bonds, rates and credit derivatives",bond prices/yields; curves and duration; funding; CDS/swaps where required,not-applicable for NSE cash equities on daily OHLCV,Requires non-OHLCV instrument/feed and execution support listed in required data feeds; no exact NSE cash-equity daily-OHLCV implementation.,no
fixed_income/dollar_duration_neutral_butterfly.py,5.6,fixed_income,"bonds, rates and credit derivatives",bond prices/yields; curves and duration; funding; CDS/swaps where required,proxy-only,"Map maturity/credit sleeves to liquid NSE debt ETFs; add adjusted-OHLCV, duration/benchmark metadata, liquidity filters and portfolio construction.",no
fixed_income/fifty_fifty_butterfly.py,5.7,fixed_income,"bonds, rates and credit derivatives",bond prices/yields; curves and duration; funding; CDS/swaps where required,proxy-only,"Map maturity/credit sleeves to liquid NSE debt ETFs; add adjusted-OHLCV, duration/benchmark metadata, liquidity filters and portfolio construction.",no
fixed_income/ladders.py,5.4,fixed_income,"bonds, rates and credit derivatives",bond prices/yields; curves and duration; funding; CDS/swaps where required,proxy-only,"Map maturity/credit sleeves to liquid NSE debt ETFs; add adjusted-OHLCV, duration/benchmark metadata, liquidity filters and portfolio construction.",no
fixed_income/low_risk_factor.py,5.9,fixed_income,"bonds, rates and credit derivatives",bond prices/yields; curves and duration; funding; CDS/swaps where required,proxy-only,"Map maturity/credit sleeves to liquid NSE debt ETFs; add adjusted-OHLCV, duration/benchmark metadata, liquidity filters and portfolio construction.",no
fixed_income/maturity_weighted_butterfly.py,5.8.1,fixed_income,"bonds, rates and credit derivatives",bond prices/yields; curves and duration; funding; CDS/swaps where required,proxy-only,"Map maturity/credit sleeves to liquid NSE debt ETFs; add adjusted-OHLCV, duration/benchmark metadata, liquidity filters and portfolio construction.",no
fixed_income/regression_weighted_butterfly.py,5.8,fixed_income,"bonds, rates and credit derivatives",bond prices/yields; curves and duration; funding; CDS/swaps where required,proxy-only,"Map maturity/credit sleeves to liquid NSE debt ETFs; add adjusted-OHLCV, duration/benchmark metadata, liquidity filters and portfolio construction.",no
fixed_income/rolling_down_the_yield_curve.py,5.12,fixed_income,"bonds, rates and credit derivatives",bond prices/yields; curves and duration; funding; CDS/swaps where required,proxy-only,"Map maturity/credit sleeves to liquid NSE debt ETFs; add adjusted-OHLCV, duration/benchmark metadata, liquidity filters and portfolio construction.",no
fixed_income/swap_spread_arbitrage.py,5.15,fixed_income,"bonds, rates and credit derivatives",bond prices/yields; curves and duration; funding; CDS/swaps where required,not-applicable for NSE cash equities on daily OHLCV,Requires non-OHLCV instrument/feed and execution support listed in required data feeds; no exact NSE cash-equity daily-OHLCV implementation.,no
fixed_income/value_factor.py,5.10,fixed_income,"bonds, rates and credit derivatives",bond prices/yields; curves and duration; funding; CDS/swaps where required,proxy-only,"Map maturity/credit sleeves to liquid NSE debt ETFs; add adjusted-OHLCV, duration/benchmark metadata, liquidity filters and portfolio construction.",no
fixed_income/yield_curve_spread_flatteners_and_steepeners.py,5.13,fixed_income,"bonds, rates and credit derivatives",bond prices/yields; curves and duration; funding; CDS/swaps where required,proxy-only,"Map maturity/credit sleeves to liquid NSE debt ETFs; add adjusted-OHLCV, duration/benchmark metadata, liquidity filters and portfolio construction.",no
futures/calendar_spread.py,10.2,futures,futures and their underlyings,futures OHLCV and curves; contract/roll metadata; underlying/cash series,not-applicable for NSE cash equities on daily OHLCV,Requires non-OHLCV instrument/feed and execution support listed in required data feeds; no exact NSE cash-equity daily-OHLCV implementation.,no
futures/contrarian_trading_market_activity.py,10.3.1,futures,futures and their underlyings,futures OHLCV and curves; contract/roll metadata; underlying/cash series,not-applicable for NSE cash equities on daily OHLCV,Requires non-OHLCV instrument/feed and execution support listed in required data feeds; no exact NSE cash-equity daily-OHLCV implementation.,no
futures/contrarian_trading_mean_reversion.py,10.3,futures,futures and their underlyings,futures OHLCV and curves; contract/roll metadata; underlying/cash series,proxy-only,"Replace futures exposure with liquid NSE index/commodity ETFs; add adjusted-OHLCV, liquidity filters and calibrate the proxy signal.",no
futures/cross_hedging.py,10.1.1,futures,futures and their underlyings,futures OHLCV and curves; contract/roll metadata; underlying/cash series,not-applicable for NSE cash equities on daily OHLCV,Requires non-OHLCV instrument/feed and execution support listed in required data feeds; no exact NSE cash-equity daily-OHLCV implementation.,no
futures/hedging_risk_with_futures.py,10.1,futures,futures and their underlyings,futures OHLCV and curves; contract/roll metadata; underlying/cash series,not-applicable for NSE cash equities on daily OHLCV,Requires non-OHLCV instrument/feed and execution support listed in required data feeds; no exact NSE cash-equity daily-OHLCV implementation.,no
futures/interest_rate_risk_hedging.py,10.1.2,futures,futures and their underlyings,futures OHLCV and curves; contract/roll metadata; underlying/cash series,not-applicable for NSE cash equities on daily OHLCV,Requires non-OHLCV instrument/feed and execution support listed in required data feeds; no exact NSE cash-equity daily-OHLCV implementation.,no
futures/trend_following_momentum.py,10.4,futures,futures and their underlyings,futures OHLCV and curves; contract/roll metadata; underlying/cash series,proxy-only,"Replace futures exposure with liquid NSE index/commodity ETFs; add adjusted-OHLCV, liquidity filters and calibrate the proxy signal.",no
fx/carry_trade.py,8.2,fx,foreign exchange,FX spot/forward rates; interest-rate differentials; intraday quotes where required,not-applicable for NSE cash equities on daily OHLCV,Requires non-OHLCV instrument/feed and execution support listed in required data feeds; no exact NSE cash-equity daily-OHLCV implementation.,no
fx/dollar_carry_trade.py,8.3,fx,foreign exchange,FX spot/forward rates; interest-rate differentials; intraday quotes where required,not-applicable for NSE cash equities on daily OHLCV,Requires non-OHLCV instrument/feed and execution support listed in required data feeds; no exact NSE cash-equity daily-OHLCV implementation.,no
fx/fx_triangular_arbitrage.py,8.5,fx,foreign exchange,FX spot/forward rates; interest-rate differentials; intraday quotes where required,not-applicable for NSE cash equities on daily OHLCV,Requires non-OHLCV instrument/feed and execution support listed in required data feeds; no exact NSE cash-equity daily-OHLCV implementation.,no
fx/high_minus_low_carry.py,8.2.1,fx,foreign exchange,FX spot/forward rates; interest-rate differentials; intraday quotes where required,not-applicable for NSE cash equities on daily OHLCV,Requires non-OHLCV instrument/feed and execution support listed in required data feeds; no exact NSE cash-equity daily-OHLCV implementation.,no
fx/momentum_and_carry_combo.py,8.4,fx,foreign exchange,FX spot/forward rates; interest-rate differentials; intraday quotes where required,not-applicable for NSE cash equities on daily OHLCV,Requires non-OHLCV instrument/feed and execution support listed in required data feeds; no exact NSE cash-equity daily-OHLCV implementation.,no
fx/moving_averages_with_hp_filter.py,8.1,fx,foreign exchange,FX spot/forward rates; interest-rate differentials; intraday quotes where required,not-applicable for NSE cash equities on daily OHLCV,Requires non-OHLCV instrument/feed and execution support listed in required data feeds; no exact NSE cash-equity daily-OHLCV implementation.,no
global_macro/fundamental_macro_momentum.py,19.2,global_macro,multi-asset macro instruments,macro releases and calendars; rates/inflation; multi-asset total returns,not-applicable for NSE cash equities on daily OHLCV,Requires non-OHLCV instrument/feed and execution support listed in required data feeds; no exact NSE cash-equity daily-OHLCV implementation.,no
global_macro/global_fixed_income_strategy.py,19.4,global_macro,multi-asset macro instruments,macro releases and calendars; rates/inflation; multi-asset total returns,not-applicable for NSE cash equities on daily OHLCV,Requires non-OHLCV instrument/feed and execution support listed in required data feeds; no exact NSE cash-equity daily-OHLCV implementation.,no
global_macro/global_macro_inflation_hedge.py,19.3,global_macro,multi-asset macro instruments,macro releases and calendars; rates/inflation; multi-asset total returns,not-applicable for NSE cash equities on daily OHLCV,Requires non-OHLCV instrument/feed and execution support listed in required data feeds; no exact NSE cash-equity daily-OHLCV implementation.,no
global_macro/trading_on_economic_announcements.py,19.5,global_macro,multi-asset macro instruments,macro releases and calendars; rates/inflation; multi-asset total returns,not-applicable for NSE cash equities on daily OHLCV,Requires non-OHLCV instrument/feed and execution support listed in required data feeds; no exact NSE cash-equity daily-OHLCV implementation.,no
indexes/cash_and_carry_arbitrage.py,6.2,indexes,"equity indexes, constituents and derivatives",index/constituent and ETF prices; weights; futures/options; rates/costs as required,not-applicable for NSE cash equities on daily OHLCV,Requires non-OHLCV instrument/feed and execution support listed in required data feeds; no exact NSE cash-equity daily-OHLCV implementation.,no
indexes/dispersion_trading_in_equity_indexes.py,6.3,indexes,"equity indexes, constituents and derivatives",index/constituent and ETF prices; weights; futures/options; rates/costs as required,not-applicable for NSE cash equities on daily OHLCV,Requires non-OHLCV instrument/feed and execution support listed in required data feeds; no exact NSE cash-equity daily-OHLCV implementation.,no
indexes/dispersion_trading_subset_portfolio.py,6.3.1,indexes,"equity indexes, constituents and derivatives",index/constituent and ETF prices; weights; futures/options; rates/costs as required,not-applicable for NSE cash equities on daily OHLCV,Requires non-OHLCV instrument/feed and execution support listed in required data feeds; no exact NSE cash-equity daily-OHLCV implementation.,no
indexes/index_volatility_targeting_with_risk_free_asset.py,6.5,indexes,"equity indexes, constituents and derivatives",index/constituent and ETF prices; weights; futures/options; rates/costs as required,proxy-only,"Use a liquid NSE index ETF plus a cash/debt ETF; add adjusted-OHLCV, volatility targeting and rebalance logic.",no
indexes/intraday_arbitrage_between_index_etfs.py,6.4,indexes,"equity indexes, constituents and derivatives",index/constituent and ETF prices; weights; futures/options; rates/costs as required,not-applicable for NSE cash equities on daily OHLCV,Requires non-OHLCV instrument/feed and execution support listed in required data feeds; no exact NSE cash-equity daily-OHLCV implementation.,no
miscellaneous_assets/energy_spark_spread.py,14.4,miscellaneous_assets,"inflation, energy or weather derivatives",inflation swaps/TIPS; power/fuel; weather and demand data as applicable,not-applicable for NSE cash equities on daily OHLCV,Requires non-OHLCV instrument/feed and execution support listed in required data feeds; no exact NSE cash-equity daily-OHLCV implementation.,no
miscellaneous_assets/inflation_hedging_inflation_swaps.py,14.1,miscellaneous_assets,"inflation, energy or weather derivatives",inflation swaps/TIPS; power/fuel; weather and demand data as applicable,not-applicable for NSE cash equities on daily OHLCV,Requires non-OHLCV instrument/feed and execution support listed in required data feeds; no exact NSE cash-equity daily-OHLCV implementation.,no
miscellaneous_assets/tips_treasury_arbitrage.py,14.2,miscellaneous_assets,"inflation, energy or weather derivatives",inflation swaps/TIPS; power/fuel; weather and demand data as applicable,not-applicable for NSE cash equities on daily OHLCV,Requires non-OHLCV instrument/feed and execution support listed in required data feeds; no exact NSE cash-equity daily-OHLCV implementation.,no
miscellaneous_assets/weather_risk_demand_hedging.py,14.3,miscellaneous_assets,"inflation, energy or weather derivatives",inflation swaps/TIPS; power/fuel; weather and demand data as applicable,not-applicable for NSE cash equities on daily OHLCV,Requires non-OHLCV instrument/feed and execution support listed in required data feeds; no exact NSE cash-equity daily-OHLCV implementation.,no
options/bear_call_ladder.py,2.16,options,listed equity/index options and underlyings,full option chain by strike/expiry; underlying; rates/dividends; contract metadata and Greeks,not-applicable for NSE cash equities on daily OHLCV,Requires non-OHLCV instrument/feed and execution support listed in required data feeds; no exact NSE cash-equity daily-OHLCV implementation.,no
options/bear_call_spread.py,2.8,options,listed equity/index options and underlyings,full option chain by strike/expiry; underlying; rates/dividends; contract metadata and Greeks,not-applicable for NSE cash equities on daily OHLCV,Requires non-OHLCV instrument/feed and execution support listed in required data feeds; no exact NSE cash-equity daily-OHLCV implementation.,no
options/bear_put_ladder.py,2.17,options,listed equity/index options and underlyings,full option chain by strike/expiry; underlying; rates/dividends; contract metadata and Greeks,not-applicable for NSE cash equities on daily OHLCV,Requires non-OHLCV instrument/feed and execution support listed in required data feeds; no exact NSE cash-equity daily-OHLCV implementation.,no
options/bear_put_spread.py,2.9,options,listed equity/index options and underlyings,full option chain by strike/expiry; underlying; rates/dividends; contract metadata and Greeks,not-applicable for NSE cash equities on daily OHLCV,Requires non-OHLCV instrument/feed and execution support listed in required data feeds; no exact NSE cash-equity daily-OHLCV implementation.,no
options/bearish_long_seagull_spread.py,2.55,options,listed equity/index options and underlyings,full option chain by strike/expiry; underlying; rates/dividends; contract metadata and Greeks,not-applicable for NSE cash equities on daily OHLCV,Requires non-OHLCV instrument/feed and execution support listed in required data feeds; no exact NSE cash-equity daily-OHLCV implementation.,no
options/bearish_short_seagull_spread.py,2.56,options,listed equity/index options and underlyings,full option chain by strike/expiry; underlying; rates/dividends; contract metadata and Greeks,not-applicable for NSE cash equities on daily OHLCV,Requires non-OHLCV instrument/feed and execution support listed in required data feeds; no exact NSE cash-equity daily-OHLCV implementation.,no
options/bull_call_ladder.py,2.14,options,listed equity/index options and underlyings,full option chain by strike/expiry; underlying; rates/dividends; contract metadata and Greeks,not-applicable for NSE cash equities on daily OHLCV,Requires non-OHLCV instrument/feed and execution support listed in required data feeds; no exact NSE cash-equity daily-OHLCV implementation.,no
options/bull_call_spread.py,2.6,options,listed equity/index options and underlyings,full option chain by strike/expiry; underlying; rates/dividends; contract metadata and Greeks,not-applicable for NSE cash equities on daily OHLCV,Requires non-OHLCV instrument/feed and execution support listed in required data feeds; no exact NSE cash-equity daily-OHLCV implementation.,no
options/bull_put_ladder.py,2.15,options,listed equity/index options and underlyings,full option chain by strike/expiry; underlying; rates/dividends; contract metadata and Greeks,not-applicable for NSE cash equities on daily OHLCV,Requires non-OHLCV instrument/feed and execution support listed in required data feeds; no exact NSE cash-equity daily-OHLCV implementation.,no
options/bull_put_spread.py,2.7,options,listed equity/index options and underlyings,full option chain by strike/expiry; underlying; rates/dividends; contract metadata and Greeks,not-applicable for NSE cash equities on daily OHLCV,Requires non-OHLCV instrument/feed and execution support listed in required data feeds; no exact NSE cash-equity daily-OHLCV implementation.,no
options/bullish_long_seagull_spread.py,2.57,options,listed equity/index options and underlyings,full option chain by strike/expiry; underlying; rates/dividends; contract metadata and Greeks,not-applicable for NSE cash equities on daily OHLCV,Requires non-OHLCV instrument/feed and execution support listed in required data feeds; no exact NSE cash-equity daily-OHLCV implementation.,no
options/bullish_short_seagull_spread.py,2.54,options,listed equity/index options and underlyings,full option chain by strike/expiry; underlying; rates/dividends; contract metadata and Greeks,not-applicable for NSE cash equities on daily OHLCV,Requires non-OHLCV instrument/feed and execution support listed in required data feeds; no exact NSE cash-equity daily-OHLCV implementation.,no
options/calendar_call_spread.py,2.18,options,listed equity/index options and underlyings,full option chain by strike/expiry; underlying; rates/dividends; contract metadata and Greeks,not-applicable for NSE cash equities on daily OHLCV,Requires non-OHLCV instrument/feed and execution support listed in required data feeds; no exact NSE cash-equity daily-OHLCV implementation.,no
options/calendar_put_spread.py,2.19,options,listed equity/index options and underlyings,full option chain by strike/expiry; underlying; rates/dividends; contract metadata and Greeks,not-applicable for NSE cash equities on daily OHLCV,Requires non-OHLCV instrument/feed and execution support listed in required data feeds; no exact NSE cash-equity daily-OHLCV implementation.,no
options/call_ratio_backspread.py,2.36,options,listed equity/index options and underlyings,full option chain by strike/expiry; underlying; rates/dividends; contract metadata and Greeks,not-applicable for NSE cash equities on daily OHLCV,Requires non-OHLCV instrument/feed and execution support listed in required data feeds; no exact NSE cash-equity daily-OHLCV implementation.,no
options/collar.py,2.53,options,listed equity/index options and underlyings,full option chain by strike/expiry; underlying; rates/dividends; contract metadata and Greeks,not-applicable for NSE cash equities on daily OHLCV,Requires non-OHLCV instrument/feed and execution support listed in required data feeds; no exact NSE cash-equity daily-OHLCV implementation.,no
options/covered_call.py,2.2,options,listed equity/index options and underlyings,full option chain by strike/expiry; underlying; rates/dividends; contract metadata and Greeks,not-applicable for NSE cash equities on daily OHLCV,Requires non-OHLCV instrument/feed and execution support listed in required data feeds; no exact NSE cash-equity daily-OHLCV implementation.,no
options/covered_put.py,2.3,options,listed equity/index options and underlyings,full option chain by strike/expiry; underlying; rates/dividends; contract metadata and Greeks,not-applicable for NSE cash equities on daily OHLCV,Requires non-OHLCV instrument/feed and execution support listed in required data feeds; no exact NSE cash-equity daily-OHLCV implementation.,no
options/covered_short_straddle.py,2.32,options,listed equity/index options and underlyings,full option chain by strike/expiry; underlying; rates/dividends; contract metadata and Greeks,not-applicable for NSE cash equities on daily OHLCV,Requires non-OHLCV instrument/feed and execution support listed in required data feeds; no exact NSE cash-equity daily-OHLCV implementation.,no
options/covered_short_strangle.py,2.33,options,listed equity/index options and underlyings,full option chain by strike/expiry; underlying; rates/dividends; contract metadata and Greeks,not-applicable for NSE cash equities on daily OHLCV,Requires non-OHLCV instrument/feed and execution support listed in required data feeds; no exact NSE cash-equity daily-OHLCV implementation.,no
options/diagonal_call_spread.py,2.20,options,listed equity/index options and underlyings,full option chain by strike/expiry; underlying; rates/dividends; contract metadata and Greeks,not-applicable for NSE cash equities on daily OHLCV,Requires non-OHLCV instrument/feed and execution support listed in required data feeds; no exact NSE cash-equity daily-OHLCV implementation.,no
options/diagonal_put_spread.py,2.21,options,listed equity/index options and underlyings,full option chain by strike/expiry; underlying; rates/dividends; contract metadata and Greeks,not-applicable for NSE cash equities on daily OHLCV,Requires non-OHLCV instrument/feed and execution support listed in required data feeds; no exact NSE cash-equity daily-OHLCV implementation.,no
options/long_box.py,2.52,options,listed equity/index options and underlyings,full option chain by strike/expiry; underlying; rates/dividends; contract metadata and Greeks,not-applicable for NSE cash equities on daily OHLCV,Requires non-OHLCV instrument/feed and execution support listed in required data feeds; no exact NSE cash-equity daily-OHLCV implementation.,no
options/long_call_butterfly.py,2.40,options,listed equity/index options and underlyings,full option chain by strike/expiry; underlying; rates/dividends; contract metadata and Greeks,not-applicable for NSE cash equities on daily OHLCV,Requires non-OHLCV instrument/feed and execution support listed in required data feeds; no exact NSE cash-equity daily-OHLCV implementation.,no
options/long_call_condor.py,2.46,options,listed equity/index options and underlyings,full option chain by strike/expiry; underlying; rates/dividends; contract metadata and Greeks,not-applicable for NSE cash equities on daily OHLCV,Requires non-OHLCV instrument/feed and execution support listed in required data feeds; no exact NSE cash-equity daily-OHLCV implementation.,no
options/long_call_synthetic_straddle.py,2.28,options,listed equity/index options and underlyings,full option chain by strike/expiry; underlying; rates/dividends; contract metadata and Greeks,not-applicable for NSE cash equities on daily OHLCV,Requires non-OHLCV instrument/feed and execution support listed in required data feeds; no exact NSE cash-equity daily-OHLCV implementation.,no
options/long_combo.py,2.12,options,listed equity/index options and underlyings,full option chain by strike/expiry; underlying; rates/dividends; contract metadata and Greeks,not-applicable for NSE cash equities on daily OHLCV,Requires non-OHLCV instrument/feed and execution support listed in required data feeds; no exact NSE cash-equity daily-OHLCV implementation.,no
options/long_guts.py,2.24,options,listed equity/index options and underlyings,full option chain by strike/expiry; underlying; rates/dividends; contract metadata and Greeks,not-applicable for NSE cash equities on daily OHLCV,Requires non-OHLCV instrument/feed and execution support listed in required data feeds; no exact NSE cash-equity daily-OHLCV implementation.,no
options/long_iron_butterfly.py,2.44,options,listed equity/index options and underlyings,full option chain by strike/expiry; underlying; rates/dividends; contract metadata and Greeks,not-applicable for NSE cash equities on daily OHLCV,Requires non-OHLCV instrument/feed and execution support listed in required data feeds; no exact NSE cash-equity daily-OHLCV implementation.,no
options/long_iron_condor.py,2.50,options,listed equity/index options and underlyings,full option chain by strike/expiry; underlying; rates/dividends; contract metadata and Greeks,not-applicable for NSE cash equities on daily OHLCV,Requires non-OHLCV instrument/feed and execution support listed in required data feeds; no exact NSE cash-equity daily-OHLCV implementation.,no
options/long_put_butterfly.py,2.41,options,listed equity/index options and underlyings,full option chain by strike/expiry; underlying; rates/dividends; contract metadata and Greeks,not-applicable for NSE cash equities on daily OHLCV,Requires non-OHLCV instrument/feed and execution support listed in required data feeds; no exact NSE cash-equity daily-OHLCV implementation.,no
options/long_put_condor.py,2.47,options,listed equity/index options and underlyings,full option chain by strike/expiry; underlying; rates/dividends; contract metadata and Greeks,not-applicable for NSE cash equities on daily OHLCV,Requires non-OHLCV instrument/feed and execution support listed in required data feeds; no exact NSE cash-equity daily-OHLCV implementation.,no
options/long_put_synthetic_straddle.py,2.29,options,listed equity/index options and underlyings,full option chain by strike/expiry; underlying; rates/dividends; contract metadata and Greeks,not-applicable for NSE cash equities on daily OHLCV,Requires non-OHLCV instrument/feed and execution support listed in required data feeds; no exact NSE cash-equity daily-OHLCV implementation.,no
options/long_straddle.py,2.22,options,listed equity/index options and underlyings,full option chain by strike/expiry; underlying; rates/dividends; contract metadata and Greeks,not-applicable for NSE cash equities on daily OHLCV,Requires non-OHLCV instrument/feed and execution support listed in required data feeds; no exact NSE cash-equity daily-OHLCV implementation.,no
options/long_strangle.py,2.23,options,listed equity/index options and underlyings,full option chain by strike/expiry; underlying; rates/dividends; contract metadata and Greeks,not-applicable for NSE cash equities on daily OHLCV,Requires non-OHLCV instrument/feed and execution support listed in required data feeds; no exact NSE cash-equity daily-OHLCV implementation.,no
options/long_synthetic_forward.py,2.10,options,listed equity/index options and underlyings,full option chain by strike/expiry; underlying; rates/dividends; contract metadata and Greeks,not-applicable for NSE cash equities on daily OHLCV,Requires non-OHLCV instrument/feed and execution support listed in required data feeds; no exact NSE cash-equity daily-OHLCV implementation.,no
options/modified_call_butterfly.py,2.40.1,options,listed equity/index options and underlyings,full option chain by strike/expiry; underlying; rates/dividends; contract metadata and Greeks,not-applicable for NSE cash equities on daily OHLCV,Requires non-OHLCV instrument/feed and execution support listed in required data feeds; no exact NSE cash-equity daily-OHLCV implementation.,no
options/modified_put_butterfly.py,2.41.1,options,listed equity/index options and underlyings,full option chain by strike/expiry; underlying; rates/dividends; contract metadata and Greeks,not-applicable for NSE cash equities on daily OHLCV,Requires non-OHLCV instrument/feed and execution support listed in required data feeds; no exact NSE cash-equity daily-OHLCV implementation.,no
options/protective_call.py,2.5,options,listed equity/index options and underlyings,full option chain by strike/expiry; underlying; rates/dividends; contract metadata and Greeks,not-applicable for NSE cash equities on daily OHLCV,Requires non-OHLCV instrument/feed and execution support listed in required data feeds; no exact NSE cash-equity daily-OHLCV implementation.,no
options/protective_put.py,2.4,options,listed equity/index options and underlyings,full option chain by strike/expiry; underlying; rates/dividends; contract metadata and Greeks,not-applicable for NSE cash equities on daily OHLCV,Requires non-OHLCV instrument/feed and execution support listed in required data feeds; no exact NSE cash-equity daily-OHLCV implementation.,no
options/put_ratio_backspread.py,2.37,options,listed equity/index options and underlyings,full option chain by strike/expiry; underlying; rates/dividends; contract metadata and Greeks,not-applicable for NSE cash equities on daily OHLCV,Requires non-OHLCV instrument/feed and execution support listed in required data feeds; no exact NSE cash-equity daily-OHLCV implementation.,no
options/ratio_call_spread.py,2.38,options,listed equity/index options and underlyings,full option chain by strike/expiry; underlying; rates/dividends; contract metadata and Greeks,not-applicable for NSE cash equities on daily OHLCV,Requires non-OHLCV instrument/feed and execution support listed in required data feeds; no exact NSE cash-equity daily-OHLCV implementation.,no
options/ratio_put_spread.py,2.39,options,listed equity/index options and underlyings,full option chain by strike/expiry; underlying; rates/dividends; contract metadata and Greeks,not-applicable for NSE cash equities on daily OHLCV,Requires non-OHLCV instrument/feed and execution support listed in required data feeds; no exact NSE cash-equity daily-OHLCV implementation.,no
options/short_call_butterfly.py,2.42,options,listed equity/index options and underlyings,full option chain by strike/expiry; underlying; rates/dividends; contract metadata and Greeks,not-applicable for NSE cash equities on daily OHLCV,Requires non-OHLCV instrument/feed and execution support listed in required data feeds; no exact NSE cash-equity daily-OHLCV implementation.,no
options/short_call_condor.py,2.48,options,listed equity/index options and underlyings,full option chain by strike/expiry; underlying; rates/dividends; contract metadata and Greeks,not-applicable for NSE cash equities on daily OHLCV,Requires non-OHLCV instrument/feed and execution support listed in required data feeds; no exact NSE cash-equity daily-OHLCV implementation.,no
options/short_call_synthetic_straddle.py,2.30,options,listed equity/index options and underlyings,full option chain by strike/expiry; underlying; rates/dividends; contract metadata and Greeks,not-applicable for NSE cash equities on daily OHLCV,Requires non-OHLCV instrument/feed and execution support listed in required data feeds; no exact NSE cash-equity daily-OHLCV implementation.,no
options/short_combo.py,2.13,options,listed equity/index options and underlyings,full option chain by strike/expiry; underlying; rates/dividends; contract metadata and Greeks,not-applicable for NSE cash equities on daily OHLCV,Requires non-OHLCV instrument/feed and execution support listed in required data feeds; no exact NSE cash-equity daily-OHLCV implementation.,no
options/short_guts.py,2.27,options,listed equity/index options and underlyings,full option chain by strike/expiry; underlying; rates/dividends; contract metadata and Greeks,not-applicable for NSE cash equities on daily OHLCV,Requires non-OHLCV instrument/feed and execution support listed in required data feeds; no exact NSE cash-equity daily-OHLCV implementation.,no
options/short_iron_butterfly.py,2.45,options,listed equity/index options and underlyings,full option chain by strike/expiry; underlying; rates/dividends; contract metadata and Greeks,not-applicable for NSE cash equities on daily OHLCV,Requires non-OHLCV instrument/feed and execution support listed in required data feeds; no exact NSE cash-equity daily-OHLCV implementation.,no
options/short_iron_condor.py,2.51,options,listed equity/index options and underlyings,full option chain by strike/expiry; underlying; rates/dividends; contract metadata and Greeks,not-applicable for NSE cash equities on daily OHLCV,Requires non-OHLCV instrument/feed and execution support listed in required data feeds; no exact NSE cash-equity daily-OHLCV implementation.,no
options/short_put_butterfly.py,2.43,options,listed equity/index options and underlyings,full option chain by strike/expiry; underlying; rates/dividends; contract metadata and Greeks,not-applicable for NSE cash equities on daily OHLCV,Requires non-OHLCV instrument/feed and execution support listed in required data feeds; no exact NSE cash-equity daily-OHLCV implementation.,no
options/short_put_condor.py,2.49,options,listed equity/index options and underlyings,full option chain by strike/expiry; underlying; rates/dividends; contract metadata and Greeks,not-applicable for NSE cash equities on daily OHLCV,Requires non-OHLCV instrument/feed and execution support listed in required data feeds; no exact NSE cash-equity daily-OHLCV implementation.,no
options/short_put_synthetic_straddle.py,2.31,options,listed equity/index options and underlyings,full option chain by strike/expiry; underlying; rates/dividends; contract metadata and Greeks,not-applicable for NSE cash equities on daily OHLCV,Requires non-OHLCV instrument/feed and execution support listed in required data feeds; no exact NSE cash-equity daily-OHLCV implementation.,no
options/short_straddle.py,2.25,options,listed equity/index options and underlyings,full option chain by strike/expiry; underlying; rates/dividends; contract metadata and Greeks,not-applicable for NSE cash equities on daily OHLCV,Requires non-OHLCV instrument/feed and execution support listed in required data feeds; no exact NSE cash-equity daily-OHLCV implementation.,no
options/short_strangle.py,2.26,options,listed equity/index options and underlyings,full option chain by strike/expiry; underlying; rates/dividends; contract metadata and Greeks,not-applicable for NSE cash equities on daily OHLCV,Requires non-OHLCV instrument/feed and execution support listed in required data feeds; no exact NSE cash-equity daily-OHLCV implementation.,no
options/short_synthetic_forward.py,2.11,options,listed equity/index options and underlyings,full option chain by strike/expiry; underlying; rates/dividends; contract metadata and Greeks,not-applicable for NSE cash equities on daily OHLCV,Requires non-OHLCV instrument/feed and execution support listed in required data feeds; no exact NSE cash-equity daily-OHLCV implementation.,no
options/strap.py,2.34,options,listed equity/index options and underlyings,full option chain by strike/expiry; underlying; rates/dividends; contract metadata and Greeks,not-applicable for NSE cash equities on daily OHLCV,Requires non-OHLCV instrument/feed and execution support listed in required data feeds; no exact NSE cash-equity daily-OHLCV implementation.,no
options/strip.py,2.35,options,listed equity/index options and underlyings,full option chain by strike/expiry; underlying; rates/dividends; contract metadata and Greeks,not-applicable for NSE cash equities on daily OHLCV,Requires non-OHLCV instrument/feed and execution support listed in required data feeds; no exact NSE cash-equity daily-OHLCV implementation.,no
real_estate/economic_diversification.py,16.3.2,real_estate,direct real estate / REITs,property/REIT returns; valuations; rents; regional/property-type and macro data,proxy-only,"Use listed NSE REITs/InvITs as the cash-market proxy; add adjusted-OHLCV, classification, liquidity filters and portfolio construction.",no
real_estate/fix_and_flip.py,16.6,real_estate,direct real estate / REITs,property/REIT returns; valuations; rents; regional/property-type and macro data,not-applicable for NSE cash equities on daily OHLCV,Requires non-OHLCV instrument/feed and execution support listed in required data feeds; no exact NSE cash-equity daily-OHLCV implementation.,no
real_estate/inflation_hedging_with_real_estate.py,16.5,real_estate,direct real estate / REITs,property/REIT returns; valuations; rents; regional/property-type and macro data,proxy-only,"Use listed NSE REITs/InvITs as the cash-market proxy; add adjusted-OHLCV, classification, liquidity filters and portfolio construction.",no
real_estate/intra_asset_diversification_within_real_estate.py,16.3,real_estate,direct real estate / REITs,property/REIT returns; valuations; rents; regional/property-type and macro data,proxy-only,"Use listed NSE REITs/InvITs as the cash-market proxy; add adjusted-OHLCV, classification, liquidity filters and portfolio construction.",no
real_estate/mixed_asset_diversification_with_real_estate.py,16.2,real_estate,direct real estate / REITs,property/REIT returns; valuations; rents; regional/property-type and macro data,proxy-only,"Use listed NSE REITs/InvITs as the cash-market proxy; add adjusted-OHLCV, classification, liquidity filters and portfolio construction.",no
real_estate/property_type_and_geographic_diversification.py,16.3.3,real_estate,direct real estate / REITs,property/REIT returns; valuations; rents; regional/property-type and macro data,proxy-only,"Use listed NSE REITs/InvITs as the cash-market proxy; add adjusted-OHLCV, classification, liquidity filters and portfolio construction.",no
real_estate/property_type_diversification.py,16.3.1,real_estate,direct real estate / REITs,property/REIT returns; valuations; rents; regional/property-type and macro data,proxy-only,"Use listed NSE REITs/InvITs as the cash-market proxy; add adjusted-OHLCV, classification, liquidity filters and portfolio construction.",no
real_estate/real_estate_momentum_regional_approach.py,16.4,real_estate,direct real estate / REITs,property/REIT returns; valuations; rents; regional/property-type and macro data,proxy-only,"Use listed NSE REITs/InvITs as the cash-market proxy; add adjusted-OHLCV, classification, liquidity filters and portfolio construction.",no
stocks/alpha_combos.py,3.20,stocks,cash equities,NSE adjusted daily OHLCV via Yahoo Finance; cross-sectional NSE universe when required,not-applicable for NSE cash equities on daily OHLCV,Requires non-OHLCV instrument/feed and execution support listed in required data feeds; no exact NSE cash-equity daily-OHLCV implementation.,no
stocks/channel.py,3.15,stocks,cash equities,NSE adjusted daily OHLCV via Yahoo Finance; cross-sectional NSE universe when required,executable,"Implemented in this module; add production validation/backtesting, universe hygiene and transaction-cost/liquidity gates before promotion.",yes
stocks/earnings_momentum.py,3.2,stocks,cash equities,NSE adjusted daily OHLCV via Yahoo Finance; cross-sectional NSE universe when required,not-applicable for NSE cash equities on daily OHLCV,Requires non-OHLCV instrument/feed and execution support listed in required data feeds; no exact NSE cash-equity daily-OHLCV implementation.,no
stocks/event_driven_m_and_a.py,3.16,stocks,cash equities,NSE adjusted daily OHLCV via Yahoo Finance; cross-sectional NSE universe when required,not-applicable for NSE cash equities on daily OHLCV,Requires non-OHLCV instrument/feed and execution support listed in required data feeds; no exact NSE cash-equity daily-OHLCV implementation.,no
stocks/implied_volatility.py,3.5,stocks,cash equities,NSE adjusted daily OHLCV via Yahoo Finance; cross-sectional NSE universe when required,not-applicable for NSE cash equities on daily OHLCV,Requires non-OHLCV instrument/feed and execution support listed in required data feeds; no exact NSE cash-equity daily-OHLCV implementation.,no
stocks/low_volatility_anomaly.py,3.4,stocks,cash equities,NSE adjusted daily OHLCV via Yahoo Finance; cross-sectional NSE universe when required,executable,"Implemented in this module; add production validation/backtesting, universe hygiene and transaction-cost/liquidity gates before promotion.",yes
stocks/machine_learning_single_stock_knn.py,3.17,stocks,cash equities,NSE adjusted daily OHLCV via Yahoo Finance; cross-sectional NSE universe when required,executable,"Implemented in this module; add production validation/backtesting, universe hygiene and transaction-cost/liquidity gates before promotion.",yes
stocks/market_making.py,3.19,stocks,cash equities,NSE adjusted daily OHLCV via Yahoo Finance; cross-sectional NSE universe when required,not-applicable for NSE cash equities on daily OHLCV,Requires non-OHLCV instrument/feed and execution support listed in required data feeds; no exact NSE cash-equity daily-OHLCV implementation.,no
stocks/mean_reversion_multiple_clusters.py,3.9.1,stocks,cash equities,NSE adjusted daily OHLCV via Yahoo Finance; cross-sectional NSE universe when required,executable,"Implemented in this module; add production validation/backtesting, universe hygiene and transaction-cost/liquidity gates before promotion.",yes
stocks/mean_reversion_single_cluster.py,3.9-3.10,stocks,cash equities,NSE adjusted daily OHLCV via Yahoo Finance; cross-sectional NSE universe when required,executable,"Implemented in this module; add production validation/backtesting, universe hygiene and transaction-cost/liquidity gates before promotion.",yes
stocks/mean_reversion_weighted_regression.py,3.10,stocks,cash equities,NSE adjusted daily OHLCV via Yahoo Finance; cross-sectional NSE universe when required,not-applicable for NSE cash equities on daily OHLCV,Requires non-OHLCV instrument/feed and execution support listed in required data feeds; no exact NSE cash-equity daily-OHLCV implementation.,no
stocks/multifactor_portfolio.py,3.6,stocks,cash equities,NSE adjusted daily OHLCV via Yahoo Finance; cross-sectional NSE universe when required,not-applicable for NSE cash equities on daily OHLCV,Requires non-OHLCV instrument/feed and execution support listed in required data feeds; no exact NSE cash-equity daily-OHLCV implementation.,no
stocks/pairs_trading.py,3.8,stocks,cash equities,NSE adjusted daily OHLCV via Yahoo Finance; cross-sectional NSE universe when required,executable,"Implemented in this module; add production validation/backtesting, universe hygiene and transaction-cost/liquidity gates before promotion.",yes
stocks/price_momentum.py,3.1,stocks,cash equities,NSE adjusted daily OHLCV via Yahoo Finance; cross-sectional NSE universe when required,executable,"Implemented in this module; add production validation/backtesting, universe hygiene and transaction-cost/liquidity gates before promotion.",yes
stocks/residual_momentum.py,3.7,stocks,cash equities,NSE adjusted daily OHLCV via Yahoo Finance; cross-sectional NSE universe when required,not-applicable for NSE cash equities on daily OHLCV,Requires non-OHLCV instrument/feed and execution support listed in required data feeds; no exact NSE cash-equity daily-OHLCV implementation.,no
stocks/single_moving_average.py,3.11,stocks,cash equities,NSE adjusted daily OHLCV via Yahoo Finance; cross-sectional NSE universe when required,executable,"Implemented in this module; add production validation/backtesting, universe hygiene and transaction-cost/liquidity gates before promotion.",yes
stocks/statistical_arbitrage_optimization.py,3.18,stocks,cash equities,NSE adjusted daily OHLCV via Yahoo Finance; cross-sectional NSE universe when required,not-applicable for NSE cash equities on daily OHLCV,Requires non-OHLCV instrument/feed and execution support listed in required data feeds; no exact NSE cash-equity daily-OHLCV implementation.,no
stocks/support_and_resistance.py,3.14,stocks,cash equities,NSE adjusted daily OHLCV via Yahoo Finance; cross-sectional NSE universe when required,executable,"Implemented in this module; add production validation/backtesting, universe hygiene and transaction-cost/liquidity gates before promotion.",yes
stocks/three_moving_averages.py,3.13,stocks,cash equities,NSE adjusted daily OHLCV via Yahoo Finance; cross-sectional NSE universe when required,executable,"Implemented in this module; add production validation/backtesting, universe hygiene and transaction-cost/liquidity gates before promotion.",yes
stocks/two_moving_averages.py,3.12,stocks,cash equities,NSE adjusted daily OHLCV via Yahoo Finance; cross-sectional NSE universe when required,executable,"Implemented in this module; add production validation/backtesting, universe hygiene and transaction-cost/liquidity gates before promotion.",yes
stocks/value.py,3.3,stocks,cash equities,NSE adjusted daily OHLCV via Yahoo Finance; cross-sectional NSE universe when required,not-applicable for NSE cash equities on daily OHLCV,Requires non-OHLCV instrument/feed and execution support listed in required data feeds; no exact NSE cash-equity daily-OHLCV implementation.,no
structured_assets/carry_cds_hedging.py,11.5,structured_assets,structured credit / securitized products,CDO/MBS tranche prices and cash flows; CDS/index hedges; prepayment/default models,not-applicable for NSE cash equities on daily OHLCV,Requires non-OHLCV instrument/feed and execution support listed in required data feeds; no exact NSE cash-equity daily-OHLCV implementation.,no
structured_assets/carry_equity_tranche_index_hedging.py,11.2,structured_assets,structured credit / securitized products,CDO/MBS tranche prices and cash flows; CDS/index hedges; prepayment/default models,not-applicable for NSE cash equities on daily OHLCV,Requires non-OHLCV instrument/feed and execution support listed in required data feeds; no exact NSE cash-equity daily-OHLCV implementation.,no
structured_assets/carry_senior_mezzanine_index_hedging.py,11.3,structured_assets,structured credit / securitized products,CDO/MBS tranche prices and cash flows; CDS/index hedges; prepayment/default models,not-applicable for NSE cash equities on daily OHLCV,Requires non-OHLCV instrument/feed and execution support listed in required data feeds; no exact NSE cash-equity daily-OHLCV implementation.,no
structured_assets/carry_tranche_hedging.py,11.4,structured_assets,structured credit / securitized products,CDO/MBS tranche prices and cash flows; CDS/index hedges; prepayment/default models,not-applicable for NSE cash equities on daily OHLCV,Requires non-OHLCV instrument/feed and execution support listed in required data feeds; no exact NSE cash-equity daily-OHLCV implementation.,no
structured_assets/cdos_curve_trades.py,11.6,structured_assets,structured credit / securitized products,CDO/MBS tranche prices and cash flows; CDS/index hedges; prepayment/default models,not-applicable for NSE cash equities on daily OHLCV,Requires non-OHLCV instrument/feed and execution support listed in required data feeds; no exact NSE cash-equity daily-OHLCV implementation.,no
structured_assets/mortgage_backed_security_mbs_trading.py,11.7,structured_assets,structured credit / securitized products,CDO/MBS tranche prices and cash flows; CDS/index hedges; prepayment/default models,not-applicable for NSE cash equities on daily OHLCV,Requires non-OHLCV instrument/feed and execution support listed in required data feeds; no exact NSE cash-equity daily-OHLCV implementation.,no
tax_arbitrage/cross_border_tax_arbitrage.py,13.2,tax_arbitrage,tax-sensitive cross-border or municipal instruments,tax rules/treaties; municipal or cross-border prices; options where required,not-applicable for NSE cash equities on daily OHLCV,Requires non-OHLCV instrument/feed and execution support listed in required data feeds; no exact NSE cash-equity daily-OHLCV implementation.,no
tax_arbitrage/cross_border_tax_arbitrage_with_options.py,13.2.1,tax_arbitrage,tax-sensitive cross-border or municipal instruments,tax rules/treaties; municipal or cross-border prices; options where required,not-applicable for NSE cash equities on daily OHLCV,Requires non-OHLCV instrument/feed and execution support listed in required data feeds; no exact NSE cash-equity daily-OHLCV implementation.,no
tax_arbitrage/municipal_bond_tax_arbitrage.py,13.1,tax_arbitrage,tax-sensitive cross-border or municipal instruments,tax rules/treaties; municipal or cross-border prices; options where required,not-applicable for NSE cash equities on daily OHLCV,Requires non-OHLCV instrument/feed and execution support listed in required data feeds; no exact NSE cash-equity daily-OHLCV implementation.,no
volatility/hedging_short_vxx_with_vix_futures.py,7.3.1,volatility,volatility derivatives / options,VIX/volatility futures or ETNs; option chains; variance swaps; Greeks and funding,not-applicable for NSE cash equities on daily OHLCV,Requires non-OHLCV instrument/feed and execution support listed in required data feeds; no exact NSE cash-equity daily-OHLCV implementation.,no
volatility/vix_futures_basis_trading.py,7.2,volatility,volatility derivatives / options,VIX/volatility futures or ETNs; option chains; variance swaps; Greeks and funding,not-applicable for NSE cash equities on daily OHLCV,Requires non-OHLCV instrument/feed and execution support listed in required data feeds; no exact NSE cash-equity daily-OHLCV implementation.,no
volatility/volatility_carry_with_two_etns.py,7.3,volatility,volatility derivatives / options,VIX/volatility futures or ETNs; option chains; variance swaps; Greeks and funding,not-applicable for NSE cash equities on daily OHLCV,Requires non-OHLCV instrument/feed and execution support listed in required data feeds; no exact NSE cash-equity daily-OHLCV implementation.,no
volatility/volatility_risk_premium.py,7.4,volatility,volatility derivatives / options,VIX/volatility futures or ETNs; option chains; variance swaps; Greeks and funding,not-applicable for NSE cash equities on daily OHLCV,Requires non-OHLCV instrument/feed and execution support listed in required data feeds; no exact NSE cash-equity daily-OHLCV implementation.,no
volatility/volatility_risk_premium_with_gamma_hedging.py,7.4.1,volatility,volatility derivatives / options,VIX/volatility futures or ETNs; option chains; variance swaps; Greeks and funding,not-applicable for NSE cash equities on daily OHLCV,Requires non-OHLCV instrument/feed and execution support listed in required data feeds; no exact NSE cash-equity daily-OHLCV implementation.,no
volatility/volatility_skew_long_risk_reversal.py,7.5,volatility,volatility derivatives / options,VIX/volatility futures or ETNs; option chains; variance swaps; Greeks and funding,not-applicable for NSE cash equities on daily OHLCV,Requires non-OHLCV instrument/feed and execution support listed in required data feeds; no exact NSE cash-equity daily-OHLCV implementation.,no
volatility/volatility_trading_with_variance_swaps.py,7.6,volatility,volatility derivatives / options,VIX/volatility futures or ETNs; option chains; variance swaps; Greeks and funding,not-applicable for NSE cash equities on daily OHLCV,Requires non-OHLCV instrument/feed and execution support listed in required data feeds; no exact NSE cash-equity daily-OHLCV implementation.,no
